DATE,HourlyDewPointTemperature,HourlyDryBulbTemperature,HourlyPrecipitation,HourlyRelativeHumidity
2018-08-27T00:00:00,74,83,,74
2018-08-27T00:51:00,73,82,0,74
2018-08-27T01:51:00,73,82,0,74
2018-08-27T02:51:00,72,81,0,74
2018-08-27T03:51:00,71,80,0,74
2018-08-27T04:51:00,71,79,0,77
2018-08-27T05:51:00,70,78,0,76
2018-08-27T06:00:00,70,78,,76
2018-08-27T06:51:00,70,79,0,74
2018-08-27T07:51:00,70,82,0,67
2018-08-27T08:51:00,71,83,0,67
2018-08-27T09:51:00,71,85,0,63
2018-08-27T10:51:00,71,86,0,61
2018-08-27T11:51:00,71,87,0,59
2018-08-27T12:00:00,71,87,,59
2018-08-27T12:51:00,69,91,0,49
2018-08-27T13:51:00,69,92,0,47
2018-08-27T14:51:00,68,92,0,46
2018-08-27T15:51:00,68,93,0,44
2018-08-27T16:51:00,67,92,0,44
2018-08-27T17:51:00,69,90,0,50
2018-08-27T18:00:00,69,90,,50
2018-08-27T18:51:00,70,88,0,55
2018-08-27T19:51:00,69,86,0,57
2018-08-27T20:51:00,70,85,0,61
2018-08-27T21:51:00,70,84,0,63
2018-08-27T22:51:00,70,83,0,65
2018-08-27T23:51:00,70,82,0,67
2018-08-27T23:59:00,,,,
2018-08-28T00:00:00,70,82,,67
2018-08-28T00:51:00,71,82,0,69
2018-08-28T01:51:00,71,81,0,72
2018-08-28T02:51:00,71,80,0,74
2018-08-28T03:51:00,71,80,0,74
2018-08-28T04:51:00,71,79,0,77
2018-08-28T05:51:00,71,79,0,77
2018-08-28T05:58:00,71,79,,77
2018-08-28T06:00:00,71,79,,77
2018-08-28T06:20:00,69,76,,79
2018-08-28T06:36:00,68,73,T,84
2018-08-28T06:42:00,68,72,0.04,87
2018-08-28T06:48:00,70,72,0.18,94
2018-08-28T06:51:00,69,71,0.18,94
2018-08-28T07:22:00,69,71,0.02,94
2018-08-28T07:51:00,68,71,0.03,90
2018-08-28T08:49:00,70,73,,89
2018-08-28T08:51:00,69,73,T,87
2018-08-28T09:44:00,71,77,,82
2018-08-28T09:51:00,72,78,0,82
2018-08-28T10:48:00,73,82,,74
2018-08-28T10:51:00,73,83,0,72
2018-08-28T11:09:00,73,84,,70
2018-08-28T11:51:00,72,85,0,65
2018-08-28T12:00:00,72,85,,65
2018-08-28T12:51:00,72,87,0,61
2018-08-28T13:51:00,72,87,0,61
2018-08-28T14:51:00,72,89,0,57
2018-08-28T15:51:00,72,88,0,59
2018-08-28T16:24:00,73,87,,63
2018-08-28T16:51:00,69,82,T,65
2018-08-28T17:20:00,69,80,T,69
2018-08-28T17:51:00,68,79,T,69
2018-08-28T18:00:00,68,79,,69
2018-08-28T18:51:00,69,79,0,72
2018-08-28T19:51:00,69,78,0,74
2018-08-28T20:25:00,67,75,,76
2018-08-28T20:36:00,67,74,,79
2018-08-28T20:51:00,66,73,0.03s,78
2018-08-28T20:55:00,67,71,T,87
2018-08-28T20:59:00,65,67,0.03,93
2018-08-28T21:22:00,66,67,0.66,97
2018-08-28T21:30:00,66,68,0.67,93
2018-08-28T21:49:00,66,68,,94
2018-08-28T21:51:00,66,68,0.67,93
2018-08-28T22:06:00,66,69,0.01,90
2018-08-28T22:35:00,66,69,0.04,90
2018-08-28T22:49:00,66,70,,88
2018-08-28T22:51:00,66,69,0.12,90
2018-08-28T23:02:00,66,69,0.01,90
2018-08-28T23:09:00,67,70,0.01,90
2018-08-28T23:28:00,66,68,0.24,93
2018-08-28T23:51:00,67,69,0.36,93
2018-08-28T23:59:00,,,,
2018-08-29T00:00:00,67,69,,93
2018-08-29T00:10:00,66,68,0.02,93
2018-08-29T00:51:00,66,68,0.02,93
2018-08-29T01:51:00,67,69,0.06,93
2018-08-29T02:51:00,67,70,0.18,90
2018-08-29T03:51:00,67,70,0.15,90
2018-08-29T04:16:00,67,70,0.01,90
2018-08-29T04:23:00,67,70,0.01,90
2018-08-29T04:31:00,67,70,0.01,90
2018-08-29T04:49:00,66,70,,88
2018-08-29T04:51:00,67,70,T,90
2018-08-29T05:32:00,66,70,T,87
2018-08-29T05:51:00,66,69,T,90
2018-08-29T06:00:00,66,69,,90
2018-08-29T06:51:00,66,69,0,90
2018-08-29T07:51:00,67,71,0,87
2018-08-29T08:51:00,66,73,0,79
2018-08-29T09:21:00,66,73,,79
2018-08-29T09:51:00,67,72,T,84
2018-08-29T10:12:00,66,70,T,87
2018-08-29T10:23:00,63,66,0.01,90
2018-08-29T10:30:00,63,66,0.01,90
2018-08-29T10:47:00,63,66,0.01,88
2018-08-29T10:51:00,62,67,0.01,84
2018-08-29T11:51:00,64,69,T,84
2018-08-29T12:00:00,64,69,,84
2018-08-29T12:07:00,63,70,,79
2018-08-29T12:25:00,63,71,,76
2018-08-29T12:48:00,63,72,,73
2018-08-29T12:51:00,62,71,T,73
2018-08-29T13:07:00,63,71,T,76
2018-08-29T13:51:00,62,73,T,69
2018-08-29T14:51:00,61,75,0,62
2018-08-29T15:51:00,59,74,0,60
2018-08-29T16:51:00,59,72,0,64
2018-08-29T17:51:00,61,71,0,71
2018-08-29T18:00:00,61,71,,71
2018-08-29T18:44:00,61,69,,76
2018-08-29T18:51:00,61,68,0,78
2018-08-29T19:22:00,60,68,,76
2018-08-29T19:30:00,60,68,,76
2018-08-29T19:51:00,60,67,0,79
2018-08-29T20:19:00,59,67,,76
2018-08-29T20:49:00,59,66,,78
2018-08-29T20:51:00,59,67,0,76
2018-08-29T21:51:00,58,66,0,75
2018-08-29T22:35:00,58,67,,73
2018-08-29T22:51:00,58,66,0,75
2018-08-29T23:24:00,58,66,,75
2018-08-29T23:51:00,58,66,0,75
2018-08-29T23:59:00,,,,
2018-08-30T00:00:00,58,66,,75
2018-08-30T00:51:00,57,65,0,76
2018-08-30T01:51:00,56,65,0,73
2018-08-30T02:51:00,56,63,0,78
2018-08-30T03:51:00,56,62,0,80
2018-08-30T04:51:00,55,61,0,81
2018-08-30T05:51:00,56,64,0,75
2018-08-30T06:00:00,56,64,,75
2018-08-30T06:51:00,56,66,0,70
2018-08-30T07:51:00,56,68,0,65
2018-08-30T08:51:00,56,69,0,63
2018-08-30T09:51:00,56,70,0,61
2018-08-30T10:51:00,56,70,0,61
2018-08-30T11:51:00,55,72,0,55
2018-08-30T12:00:00,55,72,,55
2018-08-30T12:51:00,55,71,0,57
2018-08-30T13:51:00,56,72,0,57
2018-08-30T14:51:00,55,72,0,55
2018-08-30T15:51:00,54,71,0,55
2018-08-30T16:51:00,54,70,0,57
2018-08-30T17:51:00,54,68,0,61
2018-08-30T18:00:00,54,68,,61
2018-08-30T18:51:00,53,66,0,63
2018-08-30T19:51:00,53,65,0,66
2018-08-30T20:51:00,53,64,0,68
2018-08-30T21:51:00,54,63,0,73
2018-08-30T22:51:00,53,64,0,68
2018-08-30T23:51:00,54,63,0,73
2018-08-30T23:59:00,,,,
2018-08-31T00:00:00,54,63,,73
2018-08-31T00:51:00,55,61,0,81
2018-08-31T01:51:00,55,60,0,84
2018-08-31T02:51:00,56,61,0,84
2018-08-31T03:51:00,56,60,0,86
2018-08-31T04:51:00,56,60,0,86
2018-08-31T05:51:00,57,61,0,87
2018-08-31T06:00:00,57,61,,87
2018-08-31T06:51:00,58,65,0,78
2018-08-31T07:51:00,59,69,0,70
2018-08-31T08:51:00,62,74,0,67
2018-08-31T09:51:00,63,77,0,62
2018-08-31T10:51:00,63,79,0,58
2018-08-31T11:51:00,64,80,0,58
2018-08-31T12:00:00,64,80,,58
2018-08-31T12:51:00,65,83,0,55
2018-08-31T13:51:00,67,83,0,59
2018-08-31T14:51:00,68,84,0,59
2018-08-31T15:51:00,69,84,0,61
2018-08-31T16:51:00,69,84,0,61
2018-08-31T17:51:00,69,83,0,63
2018-08-31T18:00:00,69,83,,63
2018-08-31T18:51:00,69,82,0,65
2018-08-31T19:12:00,69,82,,65
2018-08-31T19:19:00,69,82,,65
2018-08-31T19:35:00,70,79,T,74
2018-08-31T19:40:00,71,76,T,85
2018-08-31T19:43:00,71,76,T,85
2018-08-31T19:45:00,72,75,T,89
2018-08-31T19:51:00,70,75,T,83
2018-08-31T20:04:00,69,74,,85
2018-08-31T20:30:00,69,74,T,85
2018-08-31T20:51:00,69,74,T,85
2018-08-31T21:51:00,68,73,0,84
2018-08-31T22:51:00,68,73,0,84
2018-08-31T23:51:00,68,74,0,82
2018-08-31T23:59:00,,,,
2018-08-31T23:59:00,,,,
2018-09-01T00:00:00,68,74,,82
2018-09-01T00:51:00,68,74,0,82
2018-09-01T01:51:00,68,73,0,84
2018-09-01T02:51:00,68,73,0,84
2018-09-01T03:51:00,68,73,0,84
2018-09-01T04:51:00,68,73,0,84
2018-09-01T05:51:00,69,73,0,87
2018-09-01T06:00:00,69,73,,87
2018-09-01T06:51:00,69,73,0.01,87
2018-09-01T06:58:00,70,73,0.01,90
2018-09-01T07:10:00,70,73,0.01,90
2018-09-01T07:19:00,70,73,0.03,90
2018-09-01T07:26:00,70,73,0.03,90
2018-09-01T07:37:00,70,73,0.04,90
2018-09-01T07:49:00,70,73,,89
2018-09-01T07:51:00,70,73,0.03,90
2018-09-01T08:03:00,70,73,,90
2018-09-01T08:16:00,70,73,0.01,90
2018-09-01T08:23:00,70,73,0.1,90
2018-09-01T08:25:00,70,73,0.1,90
2018-09-01T08:30:00,70,73,0.11,90
2018-09-01T08:44:00,69,72,0.12,91
2018-09-01T08:51:00,69,72,0.12,91
2018-09-01T08:56:00,69,72,,91
2018-09-01T09:51:00,71,74,T,91
2018-09-01T10:13:00,71,74,,91
2018-09-01T10:40:00,71,74,T,91
2018-09-01T10:51:00,71,75,T,88
2018-09-01T11:25:00,72,75,T,90
2018-09-01T11:45:00,72,75,T,89
2018-09-01T11:51:00,72,76,T,88
2018-09-01T12:00:00,72,76,,88
2018-09-01T12:10:00,72,77,,85
2018-09-01T12:51:00,71,79,0,77
2018-09-01T13:51:00,70,82,0,67
2018-09-01T14:51:00,70,85,0,61
2018-09-01T15:51:00,69,85,0,59
2018-09-01T16:51:00,70,84,0,63
2018-09-01T17:51:00,71,84,T,65
2018-09-01T18:00:00,71,84,,65
2018-09-01T18:13:00,72,83,,70
2018-09-01T18:51:00,73,82,T,74
2018-09-01T19:51:00,73,78,T,85
2018-09-01T20:39:00,71,75,,88
2018-09-01T20:51:00,71,75,0,88
2018-09-01T21:14:00,72,76,,88
2018-09-01T21:51:00,72,77,0,85
2018-09-01T22:51:00,72,76,0,88
2018-09-01T23:51:00,71,80,0,74
2018-09-01T23:59:00,,,,
2018-09-02T00:00:00,71,80,,74
2018-09-02T00:35:00,71,79,,77
2018-09-02T00:51:00,71,79,0,77
2018-09-02T01:51:00,67,70,T,90
2018-09-02T02:28:00,66,71,,84
2018-09-02T02:51:00,65,71,0,81
2018-09-02T03:51:00,66,71,0,84
2018-09-02T04:26:00,66,72,,82
2018-09-02T04:51:00,66,72,0,82
2018-09-02T05:25:00,66,72,,82
2018-09-02T05:51:00,66,72,0,82
2018-09-02T06:00:00,66,72,,82
2018-09-02T06:51:00,66,74,0,76
2018-09-02T07:34:00,68,76,,77
2018-09-02T07:51:00,70,78,0,76
2018-09-02T08:51:00,71,80,0,74
2018-09-02T09:51:00,71,82,0,69
2018-09-02T10:51:00,71,84,0,65
2018-09-02T11:51:00,70,87,0,57
2018-09-02T12:00:00,70,87,,57
2018-09-02T12:51:00,69,89,0,52
2018-09-02T13:51:00,69,90,0,50
2018-09-02T14:51:00,67,90,0,47
2018-09-02T15:51:00,68,89,0,50
2018-09-02T16:51:00,68,87,T,53
2018-09-02T17:51:00,68,87,0,53
2018-09-02T18:00:00,68,87,,53
2018-09-02T18:51:00,67,86,0,53
2018-09-02T19:51:00,67,84,0,57
2018-09-02T20:51:00,67,77,0,71
2018-09-02T21:51:00,68,76,0.01,77
2018-09-02T22:51:00,70,74,0.01,88
2018-09-02T23:51:00,69,74,0,85
2018-09-02T23:59:00,,,,
2018-09-03T00:00:00,69,74,,85
2018-09-03T00:12:00,69,74,,85
2018-09-03T00:29:00,69,74,T,85
2018-09-03T00:33:00,69,73,0.05,87
2018-09-03T00:36:00,68,72,0.12,87
2018-09-03T00:42:00,68,71,0.18,90
2018-09-03T00:45:00,68,70,0.2,94
2018-09-03T00:49:00,68,70,,94
2018-09-03T00:51:00,67,70,0.34,90
2018-09-03T00:55:00,67,70,T,90
2018-09-03T01:51:00,68,71,T,90
2018-09-03T02:51:00,68,72,0,87
2018-09-03T03:51:00,68,71,0,90
2018-09-03T04:31:00,69,71,,94
2018-09-03T04:51:00,69,71,0,94
2018-09-03T05:14:00,69,72,,91
2018-09-03T05:42:00,69,72,,91
2018-09-03T05:51:00,69,73,0,87
2018-09-03T06:00:00,69,73,,87
2018-09-03T06:51:00,69,73,0,87
2018-09-03T07:51:00,70,77,0,79
2018-09-03T08:51:00,70,79,0,74
2018-09-03T09:51:00,71,82,0,69
2018-09-03T10:51:00,72,85,0,65
2018-09-03T11:51:00,71,86,0,61
2018-09-03T12:00:00,71,86,,61
2018-09-03T12:17:00,72,84,,67
2018-09-03T12:24:00,72,83,,70
2018-09-03T12:35:00,72,81,T,74
2018-09-03T12:39:00,73,79,0.08,82
2018-09-03T12:45:00,73,75,0.42,94
2018-09-03T12:51:00,71,76,1.22,85
2018-09-03T12:59:00,72,75,0.27,90
2018-09-03T13:13:00,72,75,0.32,90
2018-09-03T13:16:00,71,74,0.32,91
2018-09-03T13:19:00,71,74,0.32,91
2018-09-03T13:28:00,70,74,0.32,88
2018-09-03T13:51:00,71,75,0.05,88
2018-09-03T14:07:00,69,76,,79
2018-09-03T14:17:00,70,77,,79
2018-09-03T14:33:00,70,76,,82
2018-09-03T14:47:00,70,73,,89
2018-09-03T14:51:00,70,74,0,88
2018-09-03T15:22:00,70,73,T,90
2018-09-03T15:25:00,70,73,0.02,90
2018-09-03T15:31:00,70,73,0.17,90
2018-09-03T15:51:00,70,74,0.18,88
2018-09-03T16:00:00,71,74,T,91
2018-09-03T16:51:00,72,75,0,90
2018-09-03T17:51:00,71,74,0,91
2018-09-03T18:00:00,71,74,,91
2018-09-03T18:51:00,70,74,0,88
2018-09-03T19:51:00,70,73,0,90
2018-09-03T20:51:00,70,73,0,90
2018-09-03T21:51:00,71,73,0,94
2018-09-03T22:51:00,70,73,0,90
2018-09-03T23:51:00,69,73,0,87
2018-09-03T23:59:00,,,,
2018-09-04T00:00:00,69,73,,87
2018-09-04T00:51:00,69,73,0,87
2018-09-04T01:51:00,69,72,0,91
2018-09-04T02:51:00,69,72,0,91
2018-09-04T03:51:00,69,72,0,91
2018-09-04T04:51:00,69,72,0,91
2018-09-04T05:51:00,69,72,0,91
2018-09-04T06:00:00,69,72,,91
2018-09-04T06:51:00,70,76,0,82
2018-09-04T07:51:00,71,80,0,74
2018-09-04T08:51:00,71,84,0,65
2018-09-04T09:51:00,71,86,0,61
2018-09-04T10:51:00,71,88,0,57
2018-09-04T11:51:00,69,89,0,52
2018-09-04T12:00:00,69,89,,52
2018-09-04T12:51:00,69,90,0,50
2018-09-04T13:51:00,69,91,0,49
2018-09-04T14:51:00,67,91,0,45
2018-09-04T15:51:00,67,91,0,45
2018-09-04T16:51:00,66,90,0,45
2018-09-04T17:51:00,66,88,0,48
2018-09-04T18:00:00,66,88,,48
2018-09-04T18:51:00,67,86,0,53
2018-09-04T19:51:00,67,84,0,57
2018-09-04T20:51:00,66,83,0,57
2018-09-04T21:51:00,66,82,0,58
2018-09-04T22:51:00,66,81,0,61
2018-09-04T23:51:00,66,80,0,62
2018-09-04T23:59:00,,,,
2018-09-05T00:00:00,66,80,,62
2018-09-05T00:51:00,67,79,0,67
2018-09-05T01:51:00,67,78,0,69
2018-09-05T02:51:00,67,78,0,69
2018-09-05T03:51:00,68,77,0,74
2018-09-05T04:51:00,68,77,0,74
2018-09-05T05:51:00,68,77,0,74
2018-09-05T06:00:00,68,77,,74
2018-09-05T06:51:00,69,79,0,72
2018-09-05T07:51:00,69,81,0,67
2018-09-05T08:51:00,70,83,0,65
2018-09-05T09:51:00,70,85,0,61
2018-09-05T10:51:00,69,87,0,55
2018-09-05T11:51:00,68,89,0,50
2018-09-05T12:00:00,68,89,,50
2018-09-05T12:51:00,67,90,0,47
2018-09-05T13:51:00,67,91,0,45
2018-09-05T14:51:00,73,84,0.09,70
2018-09-05T15:36:00,71,83,0.07,67
2018-09-05T15:49:00,72,82,,70
2018-09-05T15:51:00,71,83,0.07,67
2018-09-05T15:59:00,71,83,,67
2018-09-05T16:51:00,73,78,T,85
2018-09-05T17:14:00,74,77,T,90
2018-09-05T17:30:00,72,75,0.03,90
2018-09-05T17:51:00,72,75,0.08,90
2018-09-05T18:00:00,72,75,,90
2018-09-05T18:07:00,72,74,T,94
2018-09-05T18:23:00,70,73,T,90
2018-09-05T18:41:00,69,72,T,91
2018-09-05T18:51:00,68,72,T,87
2018-09-05T19:38:00,68,71,,90
2018-09-05T19:45:00,68,72,,88
2018-09-05T19:51:00,68,71,0,90
2018-09-05T20:46:00,66,72,T,83
2018-09-05T20:51:00,67,71,T,87
2018-09-05T21:51:00,67,71,0,87
2018-09-05T22:51:00,67,70,T,90
2018-09-05T23:05:00,67,70,T,90
2018-09-05T23:29:00,67,70,T,90
2018-09-05T23:51:00,66,70,T,87
2018-09-05T23:59:00,,,,
2018-09-06T00:00:00,66,70,,87
2018-09-06T00:51:00,66,69,0.02,90
2018-09-06T01:49:00,66,70,,88
2018-09-06T01:51:00,66,69,0.01,90
2018-09-06T02:51:00,66,68,0.01,93
2018-09-06T03:51:00,66,68,T,93
2018-09-06T04:44:00,64,67,,91
2018-09-06T04:51:00,64,67,0,91
2018-09-06T05:51:00,61,66,T,84
2018-09-06T06:00:00,61,66,,84
2018-09-06T06:47:00,61,64,0.02,88
2018-09-06T06:51:00,61,65,0.03,87
2018-09-06T07:15:00,61,64,0.03,90
2018-09-06T07:20:00,61,64,0.04,90
2018-09-06T07:51:00,62,64,0.18,93
2018-09-06T08:29:00,62,65,0.12,90
2018-09-06T08:51:00,63,66,0.17,90
2018-09-06T09:24:00,63,66,0.09,90
2018-09-06T09:45:00,63,66,0.12,88
2018-09-06T09:49:00,63,66,,88
2018-09-06T09:51:00,62,67,0.11,84
2018-09-06T10:12:00,62,67,0.01,84
2018-09-06T10:51:00,62,67,T,84
2018-09-06T11:49:00,61,68,,78
2018-09-06T11:51:00,60,68,T,76
2018-09-06T12:00:00,60,68,,76
2018-09-06T12:51:00,58,68,T,70
2018-09-06T13:51:00,57,68,0,68
2018-09-06T14:51:00,55,68,0,63
2018-09-06T15:51:00,54,68,0,61
2018-09-06T16:51:00,53,67,0,61
2018-09-06T17:51:00,54,67,0,63
2018-09-06T18:00:00,54,67,,63
2018-09-06T18:51:00,54,67,0,63
2018-09-06T19:51:00,54,66,0,65
2018-09-06T20:51:00,56,67,0,68
2018-09-06T21:51:00,57,66,0,73
2018-09-06T22:51:00,59,66,0,78
2018-09-06T23:51:00,59,65,0,81
2018-09-06T23:59:00,,,,
2018-09-07T00:00:00,59,65,,81
2018-09-07T00:51:00,59,64,0,84
2018-09-07T01:51:00,60,64,0,87
2018-09-07T02:51:00,60,65,0,84
2018-09-07T03:49:00,63,68,,83
2018-09-07T03:51:00,62,68,0,81
2018-09-07T04:49:00,63,68,,83
2018-09-07T04:51:00,62,68,T,81
2018-09-07T05:51:00,61,69,T,76
2018-09-07T06:00:00,61,69,,76
2018-09-07T06:51:00,61,69,0,76
2018-09-07T07:49:00,63,70,,78
2018-09-07T07:51:00,62,69,T,78
2018-09-07T08:47:00,63,70,,78
2018-09-07T08:51:00,63,69,0,81
2018-09-07T09:51:00,64,68,T,87
2018-09-07T10:21:00,63,67,0.07,87
2018-09-07T10:51:00,63,67,0.21,87
2018-09-07T11:25:00,61,67,0.11,81
2018-09-07T11:49:00,61,66,,83
2018-09-07T11:51:00,61,68,0.09,78
2018-09-07T12:00:00,61,68,,78
2018-09-07T12:24:00,60,67,T,79
2018-09-07T12:51:00,59,68,T,73
2018-09-07T13:51:00,55,68,0,63
2018-09-07T14:51:00,55,68,0,63
2018-09-07T15:51:00,54,68,0,61
2018-09-07T16:51:00,56,67,0,68
2018-09-07T17:51:00,55,67,0,66
2018-09-07T18:00:00,55,67,,66
2018-09-07T18:51:00,54,66,0,65
2018-09-07T19:51:00,53,67,0,61
2018-09-07T20:51:00,52,67,0,59
2018-09-07T21:51:00,53,67,0,61
2018-09-07T22:51:00,46,67,0,47
2018-09-07T23:51:00,50,66,0,56
2018-09-07T23:59:00,,,,
2018-09-08T00:00:00,50,66,,56
2018-09-08T00:51:00,53,66,0,63
2018-09-08T01:51:00,52,66,0,61
2018-09-08T02:51:00,50,65,0,59
2018-09-08T03:51:00,51,65,0,61
2018-09-08T04:51:00,49,65,0,56
2018-09-08T05:51:00,48,65,0,54
2018-09-08T06:00:00,48,65,,54
2018-09-08T06:51:00,54,66,0,65
2018-09-08T07:51:00,52,66,0,61
2018-09-08T08:51:00,51,67,0,57
2018-09-08T09:51:00,52,67,0,59
2018-09-08T10:51:00,53,68,0,59
2018-09-08T11:51:00,54,68,0,61
2018-09-08T12:00:00,54,68,,61
2018-09-08T12:51:00,54,68,0,61
2018-09-08T13:51:00,55,69,0,61
2018-09-08T14:51:00,55,68,0,63
2018-09-08T15:51:00,55,68,0,63
2018-09-08T16:51:00,54,68,0,61
2018-09-08T17:51:00,54,67,0,63
2018-09-08T18:00:00,54,67,,63
2018-09-08T18:51:00,54,67,0,63
2018-09-08T19:51:00,54,66,0,65
2018-09-08T20:51:00,54,66,0,65
2018-09-08T21:51:00,54,65,0,68
2018-09-08T22:51:00,52,63,0,68
2018-09-08T23:51:00,50,63,0,63
2018-09-08T23:59:00,,,,
2018-09-09T00:00:00,50,63,,63
2018-09-09T00:51:00,50,62,0,65
2018-09-09T01:51:00,50,62,0,65
2018-09-09T02:51:00,49,62,0,62
2018-09-09T03:51:00,49,61,0,65
2018-09-09T04:51:00,49,61,0,65
2018-09-09T05:51:00,50,60,0,70
2018-09-09T06:00:00,50,60,,70
2018-09-09T06:51:00,51,61,0,70
2018-09-09T07:51:00,53,63,0,70
2018-09-09T08:49:00,54,63,,73
2018-09-09T08:51:00,54,63,0,73
2018-09-09T09:51:00,54,64,0,70
2018-09-09T10:51:00,55,67,0,66
2018-09-09T11:29:00,54,67,,63
2018-09-09T11:51:00,54,67,0,63
2018-09-09T12:00:00,54,67,,63
2018-09-09T12:51:00,53,66,0,63
2018-09-09T13:51:00,52,67,0,59
2018-09-09T14:51:00,50,67,0,55
2018-09-09T15:51:00,49,68,0,51
2018-09-09T16:51:00,50,67,0,55
2018-09-09T17:51:00,51,66,0,59
2018-09-09T18:00:00,51,66,,59
2018-09-09T18:51:00,49,66,0,54
2018-09-09T19:51:00,50,64,0,60
2018-09-09T20:51:00,52,64,0,65
2018-09-09T21:51:00,52,63,0,68
2018-09-09T22:51:00,53,62,0,73
2018-09-09T23:51:00,53,60,0,78
2018-09-09T23:59:00,,,,
2018-09-10T00:00:00,53,60,,78
2018-09-10T00:51:00,53,59,0,81
2018-09-10T01:51:00,53,57,0,87
2018-09-10T02:51:00,54,57,0,90
2018-09-10T03:51:00,54,58,0,87
2018-09-10T04:51:00,55,58,0,90
2018-09-10T05:21:00,55,59,,87
2018-09-10T05:51:00,56,60,0,86
2018-09-10T06:00:00,56,60,,86
2018-09-10T06:43:00,57,61,,87
2018-09-10T06:51:00,57,62,0,84
2018-09-10T07:51:00,58,65,0,78
2018-09-10T08:51:00,57,68,0,68
2018-09-10T09:51:00,57,70,0,64
2018-09-10T10:51:00,58,70,0,66
2018-09-10T11:51:00,59,71,0,66
2018-09-10T12:00:00,59,71,,66
2018-09-10T12:51:00,59,73,0,62
2018-09-10T13:51:00,59,72,0,64
2018-09-10T14:51:00,58,72,0,61
2018-09-10T15:51:00,59,72,0,64
2018-09-10T16:51:00,58,70,0,66
2018-09-10T17:51:00,57,67,0,71
2018-09-10T18:00:00,57,67,,71
2018-09-10T18:51:00,57,66,0,73
2018-09-10T19:51:00,57,64,0,78
2018-09-10T20:51:00,57,64,0,78
2018-09-10T21:51:00,57,63,0,81
2018-09-10T22:51:00,57,62,0,84
2018-09-10T23:51:00,57,61,0,87
2018-09-10T23:59:00,,,,
2018-09-11T00:00:00,57,61,,87
2018-09-11T00:51:00,57,60,0,90
2018-09-11T01:51:00,57,59,0,93
2018-09-11T02:51:00,56,58,0,93
2018-09-11T03:51:00,55,58,0,90
2018-09-11T04:51:00,56,58,0,93
2018-09-11T05:51:00,56,58,0,93
2018-09-11T06:00:00,56,58,,93
2018-09-11T06:51:00,57,60,0,90
2018-09-11T07:51:00,59,65,0,81
2018-09-11T08:51:00,59,69,0,70
2018-09-11T09:51:00,58,72,0,61
2018-09-11T10:51:00,56,74,0,54
2018-09-11T11:51:00,55,77,0,47
2018-09-11T12:00:00,55,77,,47
2018-09-11T12:51:00,54,77,0,45
2018-09-11T13:51:00,56,79,0,45
2018-09-11T14:51:00,56,79,0,45
2018-09-11T15:51:00,55,79,0,44
2018-09-11T16:51:00,56,78,0,47
2018-09-11T17:51:00,55,76,0,48
2018-09-11T18:00:00,55,76,,48
2018-09-11T18:51:00,59,72,0,64
2018-09-11T19:51:00,59,69,0,70
2018-09-11T20:51:00,60,68,0,76
2018-09-11T21:51:00,60,67,0,79
2018-09-11T22:51:00,58,67,0,73
2018-09-11T23:51:00,57,67,0,71
2018-09-11T23:59:00,,,,
2018-09-12T00:00:00,57,67,,71
2018-09-12T00:51:00,56,65,0,73
2018-09-12T01:51:00,56,64,0,75
2018-09-12T02:51:00,56,62,0,80
2018-09-12T03:51:00,56,62,0,80
2018-09-12T04:51:00,56,62,0,80
2018-09-12T05:51:00,56,61,0,84
2018-09-12T06:00:00,56,61,,84
2018-09-12T06:51:00,58,64,0,81
2018-09-12T07:51:00,58,69,0,68
2018-09-12T08:51:00,59,73,0,62
2018-09-12T09:51:00,60,76,0,58
2018-09-12T10:51:00,59,78,0,52
2018-09-12T11:51:00,60,79,0,52
2018-09-12T12:00:00,60,79,,52
2018-09-12T12:51:00,58,81,0,45
2018-09-12T13:51:00,58,81,0,45
2018-09-12T14:51:00,55,80,0,42
2018-09-12T15:51:00,51,79,0,38
2018-09-12T16:51:00,47,77,0,35
2018-09-12T17:51:00,50,74,0,43
2018-09-12T18:00:00,50,74,,43
2018-09-12T18:51:00,53,71,0,53
2018-09-12T19:51:00,55,69,0,61
2018-09-12T20:51:00,56,67,0,68
2018-09-12T21:51:00,59,67,0,76
2018-09-12T22:51:00,57,65,0,76
2018-09-12T23:51:00,57,64,0,78
2018-09-12T23:59:00,,,,
2018-09-13T00:00:00,57,64,,78
2018-09-13T00:51:00,57,63,0,81
2018-09-13T01:51:00,57,62,0,84
2018-09-13T02:51:00,56,61,0,84
2018-09-13T03:51:00,56,60,0,86
2018-09-13T04:51:00,56,61,0,84
2018-09-13T05:51:00,56,61,0,84
2018-09-13T06:51:00,58,64,0,81
2018-09-13T07:51:00,58,68,0,70
2018-09-13T08:51:00,56,70,0,61
2018-09-13T09:51:00,57,73,0,57
2018-09-13T10:51:00,56,75,0,52
2018-09-13T11:51:00,57,77,0,50
2018-09-13T12:00:00,57,77,,50
2018-09-13T12:51:00,58,78,0,50
2018-09-13T13:51:00,59,78,0,52
2018-09-13T14:51:00,58,77,0,52
2018-09-13T15:51:00,59,77,0,54
2018-09-13T16:51:00,58,75,0,55
2018-09-13T17:51:00,58,73,0,59
2018-09-13T18:00:00,58,73,,59
2018-09-13T18:51:00,59,70,0,68
2018-09-13T19:51:00,60,69,0,73
2018-09-13T20:51:00,60,68,0,76
2018-09-13T21:51:00,60,67,0,79
2018-09-13T22:51:00,60,67,0,79
2018-09-13T23:51:00,60,67,0,79
2018-09-13T23:59:00,,,,
2018-09-14T00:00:00,60,67,,79
2018-09-14T00:51:00,59,67,0,76
2018-09-14T01:51:00,59,65,0,81
2018-09-14T02:51:00,60,65,0,84
2018-09-14T03:51:00,60,64,0,87
2018-09-14T04:51:00,60,64,0,87
2018-09-14T05:51:00,60,66,0,81
2018-09-14T06:00:00,60,66,,81
2018-09-14T06:51:00,62,69,0,78
2018-09-14T07:51:00,62,73,0,69
2018-09-14T08:51:00,63,78,0,60
2018-09-14T09:51:00,62,81,0,53
2018-09-14T10:51:00,60,84,0,44
2018-09-14T11:51:00,60,84,0,44
2018-09-14T12:00:00,60,84,,44
2018-09-14T12:51:00,61,85,0,45
2018-09-14T13:51:00,60,85,0,43
2018-09-14T14:51:00,60,83,0,46
2018-09-14T15:51:00,60,81,0,49
2018-09-14T16:51:00,58,80,0,47
2018-09-14T17:51:00,58,77,0,52
2018-09-14T18:00:00,58,77,,52
2018-09-14T18:51:00,58,75,0,55
2018-09-14T19:51:00,59,74,0,60
2018-09-14T20:51:00,60,72,0,66
2018-09-14T21:51:00,60,72,0,66
2018-09-14T22:51:00,61,70,0,73
2018-09-14T23:51:00,61,70,0,73
2018-09-14T23:59:00,,,,
2018-09-15T00:00:00,61,70,,73
2018-09-15T00:51:00,61,68,0,78
2018-09-15T01:51:00,62,68,0,81
2018-09-15T02:51:00,61,66,0,84
2018-09-15T03:51:00,62,65,0,90
2018-09-15T04:51:00,62,65,0,90
2018-09-15T05:51:00,62,64,0,93
2018-09-15T06:00:00,62,64,,93
2018-09-15T06:51:00,64,68,0,87
2018-09-15T07:51:00,65,72,0,79
2018-09-15T08:51:00,65,76,0,69
2018-09-15T09:51:00,62,79,0,56
2018-09-15T10:51:00,62,80,0,54
2018-09-15T11:51:00,61,81,0,51
2018-09-15T12:51:00,62,82,0,51
2018-09-15T13:51:00,62,81,0,53
2018-09-15T14:51:00,62,81,0,53
2018-09-15T15:51:00,59,80,0,49
2018-09-15T16:51:00,59,78,0,52
2018-09-15T17:51:00,61,75,0,62
2018-09-15T18:51:00,61,73,0,66
2018-09-15T19:51:00,62,72,0,71
2018-09-15T20:51:00,63,72,0,73
2018-09-15T21:51:00,62,72,0,71
2018-09-15T22:51:00,63,70,0,79
2018-09-15T23:51:00,64,69,0,84
2018-09-15T23:59:00,,,,
2018-09-16T00:00:00,64,69,,84
2018-09-16T00:51:00,65,69,0,87
2018-09-16T01:51:00,64,67,0,91
2018-09-16T02:51:00,64,67,0,91
2018-09-16T03:51:00,66,68,0,93
2018-09-16T04:51:00,66,68,0,93
2018-09-16T05:51:00,66,69,0,90
2018-09-16T06:00:00,66,69,,90
2018-09-16T06:51:00,68,72,0,87
2018-09-16T07:51:00,69,75,0,82
2018-09-16T08:51:00,69,79,0,72
2018-09-16T09:51:00,70,82,0,67
2018-09-16T10:51:00,70,85,0,61
2018-09-16T11:51:00,65,87,0,48
2018-09-16T12:51:00,66,88,0,48
2018-09-16T13:51:00,67,86,0,53
2018-09-16T14:51:00,66,85,0,53
2018-09-16T15:51:00,66,86,0,51
2018-09-16T16:51:00,64,84,0,51
2018-09-16T17:51:00,62,81,0,53
2018-09-16T18:51:00,63,79,0,58
2018-09-16T19:51:00,64,76,0,67
2018-09-16T20:51:00,63,76,0,64
2018-09-16T21:51:00,64,75,0,69
2018-09-16T22:51:00,65,74,0,74
2018-09-16T23:51:00,65,73,0,76
2018-09-16T23:59:00,,,,
2018-09-17T00:51:00,65,72,0,79
2018-09-17T01:51:00,65,72,0,79
2018-09-17T02:51:00,65,71,0,81
2018-09-17T03:51:00,65,70,0,84
2018-09-17T04:51:00,65,70,0,84
2018-09-17T05:51:00,65,71,0,81
2018-09-17T06:51:00,65,73,0,76
2018-09-17T07:51:00,65,74,0,74
2018-09-17T08:51:00,66,80,0,62
2018-09-17T09:51:00,65,85,0,51
2018-09-17T10:51:00,65,88,0,46
2018-09-17T11:51:00,64,89,0,43
2018-09-17T12:51:00,64,90,0,42
2018-09-17T13:51:00,63,90,0,41
2018-09-17T14:51:00,61,89,0,39
2018-09-17T15:51:00,63,89,0,42
2018-09-17T16:51:00,64,87,0,46
2018-09-17T17:51:00,64,83,0,53
2018-09-17T18:51:00,63,82,0,53
2018-09-17T19:51:00,64,80,0,58
2018-09-17T20:51:00,64,78,0,62
2018-09-17T21:51:00,65,76,0,69
2018-09-17T22:51:00,65,75,0,71
2018-09-17T23:51:00,65,74,0,74
2018-09-17T23:59:00,,,,
2018-09-18T00:51:00,64,74,0,71
2018-09-18T01:51:00,64,74,0,71
2018-09-18T02:51:00,65,72,0,79
2018-09-18T03:49:00,66,72,,83
2018-09-18T03:51:00,67,71,0,87
2018-09-18T04:51:00,66,69,0,90
2018-09-18T05:48:00,64,70,,83
2018-09-18T05:51:00,65,69,0,87
2018-09-18T06:00:00,65,69,,87
2018-09-18T06:24:00,65,69,,87
2018-09-18T06:51:00,64,69,0,84
2018-09-18T07:01:00,64,68,,87
2018-09-18T07:45:00,63,66,,88
2018-09-18T07:51:00,62,67,T,84
2018-09-18T08:51:00,64,71,T,79
2018-09-18T09:51:00,63,72,0,73
2018-09-18T10:51:00,64,74,0,71
2018-09-18T11:51:00,65,74,0,74
2018-09-18T12:00:00,65,74,,74
2018-09-18T12:31:00,64,72,,76
2018-09-18T12:51:00,64,71,0,79
2018-09-18T13:49:00,63,73,,69
2018-09-18T13:51:00,63,73,0,71
2018-09-18T14:51:00,61,73,0,66
2018-09-18T15:51:00,61,74,T,64
2018-09-18T16:51:00,62,74,0,67
2018-09-18T17:51:00,64,72,0,76
2018-09-18T18:00:00,64,72,,76
2018-09-18T18:48:00,63,70,,78
2018-09-18T18:51:00,63,69,0,81
2018-09-18T19:06:00,63,69,,81
2018-09-18T19:51:00,63,69,0,81
2018-09-18T20:51:00,63,69,0,81
2018-09-18T21:51:00,63,68,0,84
2018-09-18T22:51:00,63,68,0,84
2018-09-18T23:51:00,63,67,0,87
2018-09-18T23:59:00,,,,
2018-09-19T00:00:00,63,67,,87
2018-09-19T00:51:00,62,66,0,87
2018-09-19T01:15:00,62,66,,87
2018-09-19T01:43:00,62,66,,87
2018-09-19T01:51:00,62,66,0,87
2018-09-19T02:48:00,63,66,,88
2018-09-19T02:51:00,62,66,0,87
2018-09-19T03:51:00,62,67,0,84
2018-09-19T04:51:00,62,68,0,81
2018-09-19T05:51:00,61,68,0,78
2018-09-19T06:00:00,61,68,,78
2018-09-19T06:51:00,62,68,0,81
2018-09-19T07:48:00,63,70,,78
2018-09-19T07:51:00,62,70,0,76
2018-09-19T08:51:00,62,71,0,73
2018-09-19T09:51:00,62,74,0,67
2018-09-19T10:51:00,61,75,0,62
2018-09-19T11:51:00,62,74,0,67
2018-09-19T12:00:00,62,74,,67
2018-09-19T12:51:00,62,73,0,69
2018-09-19T13:51:00,61,71,0,71
2018-09-19T14:51:00,61,71,0,71
2018-09-19T15:51:00,61,70,0,73
2018-09-19T16:38:00,61,68,,78
2018-09-19T16:41:00,62,67,,84
2018-09-19T16:44:00,63,67,,87
2018-09-19T16:49:00,63,66,,88
2018-09-19T16:51:00,63,66,0.21,90
2018-09-19T16:56:00,63,66,,90
2018-09-19T17:04:00,63,66,,90
2018-09-19T17:21:00,63,66,,90
2018-09-19T17:51:00,63,66,T,90
2018-09-19T18:51:00,63,67,0,87
2018-09-19T19:51:00,64,67,0,91
2018-09-19T20:07:00,64,67,,91
2018-09-19T20:14:00,65,67,,93
2018-09-19T20:51:00,65,67,0,93
2018-09-19T21:51:00,65,68,0,90
2018-09-19T22:51:00,65,68,0,90
2018-09-19T23:49:00,64,66,,94
2018-09-19T23:51:00,65,67,0,93
2018-09-19T23:59:00,,,,
2018-09-20T00:51:00,65,68,0,90
2018-09-20T01:49:00,64,66,,94
2018-09-20T01:51:00,65,67,0,93
2018-09-20T02:51:00,65,67,0,93
2018-09-20T03:51:00,65,67,0,93
2018-09-20T04:51:00,66,68,0,93
2018-09-20T05:15:00,66,68,,93
2018-09-20T05:51:00,66,68,0,93
2018-09-20T06:00:00,66,68,,93
2018-09-20T06:51:00,67,70,0,90
2018-09-20T07:06:00,67,70,,90
2018-09-20T07:12:00,67,70,,90
2018-09-20T07:51:00,68,71,0,90
2018-09-20T08:02:00,68,72,,87
2018-09-20T08:51:00,69,74,0,85
2018-09-20T09:28:00,70,77,,79
2018-09-20T09:51:00,70,77,0,79
2018-09-20T10:51:00,71,81,0,72
2018-09-20T11:51:00,72,85,0,65
2018-09-20T12:00:00,72,85,,65
2018-09-20T12:51:00,72,89,0,57
2018-09-20T13:51:00,71,91,0,52
2018-09-20T14:51:00,72,90,0,56
2018-09-20T15:51:00,68,91,0,47
2018-09-20T16:51:00,68,92,0,46
2018-09-20T17:51:00,66,90,0,45
2018-09-20T18:00:00,66,90,,45
2018-09-20T18:51:00,66,89,0,47
2018-09-20T19:51:00,66,88,0,48
2018-09-20T20:51:00,66,87,0,50
2018-09-20T21:51:00,66,85,0,53
2018-09-20T22:51:00,65,84,0,53
2018-09-20T23:51:00,66,83,0,57
2018-09-20T23:59:00,,,,
2018-09-21T00:00:00,66,83,,57
2018-09-21T00:51:00,66,83,0,57
2018-09-21T01:51:00,65,82,0,56
2018-09-21T02:51:00,65,82,0,56
2018-09-21T03:51:00,66,82,0,58
2018-09-21T04:51:00,64,79,0,60
2018-09-21T05:51:00,62,78,0,58
2018-09-21T06:00:00,62,78,,58
2018-09-21T06:51:00,61,76,0,60
2018-09-21T07:51:00,62,75,0,64
2018-09-21T08:26:00,63,75,,66
2018-09-21T08:51:00,63,75,0,66
2018-09-21T09:49:00,63,75,,65
2018-09-21T09:51:00,61,76,0,60
2018-09-21T10:51:00,58,76,0,54
2018-09-21T11:51:00,53,73,0,50
2018-09-21T12:00:00,53,73,,50
2018-09-21T12:51:00,51,72,0,48
2018-09-21T13:51:00,50,72,0,46
2018-09-21T14:51:00,50,72,0,46
2018-09-21T15:51:00,49,71,0,46
2018-09-21T16:51:00,49,68,0,51
2018-09-21T17:51:00,47,64,0,54
2018-09-21T18:00:00,47,64,,54
2018-09-21T18:51:00,46,62,0,56
2018-09-21T19:51:00,45,60,0,58
2018-09-21T20:51:00,42,58,0,56
2018-09-21T21:51:00,42,57,0,58
2018-09-21T22:51:00,42,56,0,60
2018-09-21T23:51:00,42,57,0,58
2018-09-21T23:59:00,,,,
2018-09-22T00:00:00,42,57,,58
2018-09-22T00:51:00,43,55,0,64
2018-09-22T01:51:00,42,53,0,66
2018-09-22T02:51:00,43,53,0,69
2018-09-22T03:51:00,44,51,0,77
2018-09-22T04:51:00,44,52,0,75
2018-09-22T05:51:00,45,52,0,77
2018-09-22T06:00:00,45,52,,77
2018-09-22T06:16:00,41,57,,55
2018-09-22T06:51:00,42,58,0,56
2018-09-22T07:51:00,41,60,0,50
2018-09-22T08:51:00,42,60,0,52
2018-09-22T09:51:00,43,61,0,52
2018-09-22T10:51:00,41,61,0,48
2018-09-22T11:51:00,39,62,0,43
2018-09-22T12:00:00,39,62,,43
2018-09-22T12:51:00,41,62,0,46
2018-09-22T13:51:00,42,63,0,47
2018-09-22T14:51:00,42,63,0,47
2018-09-22T15:51:00,43,63,0,48
2018-09-22T16:51:00,43,62,0,50
2018-09-22T17:51:00,45,60,0,58
2018-09-22T18:00:00,45,60,,58
2018-09-22T18:51:00,46,59,0,62
2018-09-22T19:51:00,47,58,0,67
2018-09-22T20:51:00,47,58,0,67
2018-09-22T21:51:00,48,56,0,75
2018-09-22T22:51:00,48,54,0,80
2018-09-22T23:51:00,47,54,0,77
2018-09-22T23:59:00,,,,
2018-09-23T00:00:00,47,54,,77
2018-09-23T00:51:00,48,53,0,83
2018-09-23T01:51:00,47,52,0,83
2018-09-23T02:51:00,47,52,0,83
2018-09-23T03:51:00,47,51,0,86
2018-09-23T04:51:00,46,51,0,83
2018-09-23T05:51:00,46,51,0,83
2018-09-23T06:00:00,46,51,,83
2018-09-23T06:51:00,49,54,0,83
2018-09-23T07:51:00,50,59,0,72
2018-09-23T08:51:00,51,63,0,65
2018-09-23T09:51:00,51,66,0,59
2018-09-23T10:51:00,51,68,0,55
2018-09-23T11:51:00,51,70,0,51
2018-09-23T12:00:00,51,70,,51
2018-09-23T12:51:00,51,70,0,51
2018-09-23T13:51:00,51,70,0,51
2018-09-23T14:51:00,50,70,0,49
2018-09-23T15:51:00,52,68,0,57
2018-09-23T16:51:00,52,67,0,59
2018-09-23T17:51:00,53,65,0,66
2018-09-23T18:51:00,54,64,0,70
2018-09-23T19:51:00,55,64,0,73
2018-09-23T20:51:00,56,64,0,75
2018-09-23T21:51:00,56,62,0,80
2018-09-23T22:51:00,56,62,0,80
2018-09-23T23:51:00,54,61,0,78
2018-09-23T23:59:00,,,,
2018-09-24T00:51:00,54,60,0,80
2018-09-24T01:51:00,54,60,0,80
2018-09-24T02:51:00,53,59,0,81
2018-09-24T03:51:00,53,58,0,84
2018-09-24T04:51:00,53,57,0,87
2018-09-24T05:51:00,52,58,0,81
2018-09-24T06:51:00,54,62,0,75
2018-09-24T07:51:00,56,65,0,73
2018-09-24T08:51:00,57,69,0,66
2018-09-24T09:51:00,57,72,0,59
2018-09-24T10:51:00,60,74,0,62
2018-09-24T11:51:00,61,71,0,71
2018-09-24T12:51:00,61,70,T,73
2018-09-24T13:51:00,62,69,T,78
2018-09-24T14:10:00,63,68,,84
2018-09-24T14:14:00,63,68,,84
2018-09-24T14:29:00,64,67,,91
2018-09-24T14:40:00,65,68,,90
2018-09-24T14:49:00,64,68,,88
2018-09-24T14:51:00,64,68,0,87
2018-09-24T15:02:00,64,68,,87
2018-09-24T15:22:00,64,69,,84
2018-09-24T15:49:00,64,70,,83
2018-09-24T15:51:00,64,69,0,84
2018-09-24T16:51:00,64,70,0,82
2018-09-24T17:11:00,64,70,,82
2018-09-24T17:51:00,64,70,0,82
2018-09-24T18:00:00,64,70,,82
2018-09-24T18:51:00,64,70,0,82
2018-09-24T19:51:00,64,70,0,82
2018-09-24T20:51:00,64,71,0,79
2018-09-24T21:51:00,65,71,0,81
2018-09-24T22:51:00,65,70,0,84
2018-09-24T23:51:00,66,70,0,87
2018-09-24T23:59:00,,,,
2018-09-25T00:00:00,66,70,,87
2018-09-25T00:51:00,66,70,0,87
2018-09-25T01:51:00,66,69,0,90
2018-09-25T02:18:00,66,69,,90
2018-09-25T02:51:00,66,69,0,90
2018-09-25T03:51:00,66,68,0,93
2018-09-25T04:11:00,66,68,,93
2018-09-25T04:24:00,66,68,T,93
2018-09-25T04:49:00,66,70,,88
2018-09-25T04:51:00,67,69,0.01,93
2018-09-25T05:29:00,67,69,T,93
2018-09-25T05:49:00,66,70,,88
2018-09-25T05:51:00,67,69,0,93
2018-09-25T06:00:00,67,69,,93
2018-09-25T06:31:00,67,69,,93
2018-09-25T06:49:00,66,70,,88
2018-09-25T06:51:00,67,70,0,90
2018-09-25T07:30:00,67,70,,90
2018-09-25T07:51:00,67,71,0,87
2018-09-25T08:51:00,67,72,0,84
2018-09-25T09:47:00,66,75,,74
2018-09-25T09:51:00,66,75,0,74
2018-09-25T10:46:00,64,75,,69
2018-09-25T10:51:00,65,78,0,64
2018-09-25T11:51:00,63,81,0,54
2018-09-25T12:00:00,63,81,,54
2018-09-25T12:51:00,63,81,0,54
2018-09-25T13:51:00,64,82,0,55
2018-09-25T14:51:00,59,83,0,44
2018-09-25T15:51:00,58,82,0,44
2018-09-25T16:28:00,60,73,T,64
2018-09-25T16:31:00,60,71,T,68
2018-09-25T16:34:00,61,70,T,73
2018-09-25T16:38:00,63,68,0.03,84
2018-09-25T16:41:00,63,68,0.08,84
2018-09-25T16:51:00,63,67,0.17,87
2018-09-25T16:53:00,63,68,T,84
2018-09-25T17:30:00,63,67,0.05,87
2018-09-25T17:51:00,63,67,0.07,87
2018-09-25T18:00:00,63,67,,87
2018-09-25T18:51:00,63,67,0,87
2018-09-25T19:12:00,63,67,,87
2018-09-25T19:19:00,63,67,,87
2018-09-25T19:44:00,64,67,,91
2018-09-25T19:51:00,64,67,0,91
2018-09-25T20:45:00,61,66,,83
2018-09-25T20:49:00,61,66,,83
2018-09-25T20:51:00,59,66,0,78
2018-09-25T21:19:00,59,65,,81
2018-09-25T21:51:00,59,65,0,81
2018-09-25T22:39:00,57,64,,78
2018-09-25T22:51:00,57,63,0,81
2018-09-25T23:30:00,56,62,,80
2018-09-25T23:51:00,54,61,0,78
2018-09-25T23:59:00,,,,
